,Date,Open,High,Low,Close,Adj Close,Volume
0,2019-10-14,125.199997,148.759995,125.0,145.550003,143.656998,226353035
1,2019-10-15,147.199997,149.479996,139.210007,142.630005,140.774979,52650205
2,2019-10-16,142.800003,144.199997,139.649994,140.130005,138.30748,17381530
3,2019-10-17,140.020004,146.600006,137.429993,144.860001,142.975952,25164650
4,2019-10-18,145.0,157.979996,143.210007,155.830002,153.803314,48666150
5,2019-10-22,157.389999,173.350006,156.199997,168.940002,166.742783,46733940
6,2019-10-23,173.199997,181.979996,173.199997,180.059998,177.718155,45116345
7,2019-10-24,184.990005,190.699997,172.529999,180.410004,178.063599,59356565
8,2019-10-25,181.0,183.199997,175.199997,179.809998,177.47139,19247675
9,2019-10-27,182.199997,185.0,179.0,181.539993,179.178894,6711285
10,2019-10-29,181.399994,181.479996,175.729996,176.619995,174.322891,10118740
11,2019-10-30,176.199997,184.0,176.169998,178.089996,175.773773,16381015
12,2019-10-31,180.0,181.539993,175.399994,176.339996,174.046555,9198590
13,2019-11-01,177.0,181.589996,176.619995,178.100006,175.783661,9411150
14,2019-11-04,179.0,179.600006,176.050003,176.690002,174.391983,4195835
15,2019-11-05,177.339996,181.399994,174.259995,176.300003,174.00705,10190335
16,2019-11-06,177.0,179.0,176.199997,176.860001,174.559769,4950450
17,2019-11-07,177.800003,178.399994,176.020004,176.300003,174.00705,3875510
18,2019-11-08,175.949997,178.199997,174.460007,175.380005,173.09903,4743845
19,2019-11-11,177.199997,188.669998,176.800003,186.580002,184.153336,27509375
20,2019-11-13,191.0,196.179993,180.639999,186.410004,183.985565,30872350
21,2019-11-14,183.0,189.399994,179.399994,181.460007,179.099945,14336980
22,2019-11-15,184.0,187.960007,180.399994,185.639999,183.225586,15970190
23,2019-11-18,186.820007,187.580002,183.410004,184.429993,182.031311,5720000
24,2019-11-19,184.550003,184.800003,180.0,180.509995,178.162308,5522965
25,2019-11-20,181.800003,183.399994,178.0,179.139999,176.810135,6322985
26,2019-11-21,179.600006,181.199997,176.020004,176.960007,174.658478,6485590
27,2019-11-22,177.800003,177.800003,174.479996,175.179993,172.901611,3738365
28,2019-11-25,175.800003,178.0,174.619995,176.429993,174.135376,3437825
29,2019-11-26,177.399994,179.0,175.100006,175.740005,173.454346,3971740
30,2019-11-27,176.220001,178.199997,176.0,176.649994,174.352524,2933130
31,2019-11-28,176.990005,177.559998,175.619995,176.490005,174.194595,2078740
32,2019-11-29,176.429993,183.740005,175.600006,179.449997,177.116089,8998765
33,2019-12-02,180.399994,180.570007,175.630005,176.210007,173.918228,2332100
34,2019-12-03,177.199997,177.800003,174.199997,175.0,172.723953,2754285
35,2019-12-04,174.399994,177.0,172.460007,174.820007,172.54631,3705230
36,2019-12-05,175.899994,177.779999,174.399994,175.190002,172.911514,2634880
37,2019-12-06,175.399994,175.729996,173.630005,174.470001,172.200867,1776855
38,2019-12-09,175.309998,175.309998,172.830002,173.479996,171.223724,1771245
39,2019-12-10,173.960007,173.960007,171.059998,172.179993,169.940628,1974045
40,2019-12-11,172.779999,173.990005,171.100006,172.929993,170.680878,2205205
41,2019-12-12,173.0,175.600006,172.020004,173.979996,171.717224,1451385
42,2019-12-13,174.850006,180.679993,174.020004,178.100006,175.783661,7002525
43,2019-12-16,178.899994,178.899994,176.429993,177.339996,175.033554,1780960
44,2019-12-17,177.800003,179.699997,176.600006,177.350006,175.043396,2816655
45,2019-12-18,177.360001,177.5,174.660004,175.070007,172.793045,1424660
46,2019-12-19,174.440002,175.199997,173.240005,173.940002,171.677765,1513725
47,2019-12-20,174.800003,174.800003,173.100006,173.369995,171.115173,1306000
48,2019-12-23,173.600006,174.0,172.199997,172.949997,170.700638,1641045
49,2019-12-24,177.0,179.960007,175.039993,177.509995,175.201324,12020790
50,2019-12-26,177.199997,177.600006,174.899994,175.380005,173.09903,1962805
51,2019-12-27,176.389999,177.080002,175.399994,176.119995,173.829376,2102615
52,2019-12-30,177.050003,187.490005,176.660004,185.229996,182.820908,15237855
53,2019-12-31,186.399994,190.940002,184.259995,186.690002,184.261917,19445900
54,2020-01-01,188.380005,190.770004,186.960007,188.869995,186.413574,8593275
55,2020-01-02,188.800003,188.800003,185.410004,186.080002,183.659851,3287655
56,2020-01-03,185.600006,188.699997,185.509995,186.279999,183.857269,4342850
57,2020-01-06,185.399994,185.410004,178.020004,178.889999,176.56337,3923670
58,2020-01-07,179.399994,184.300003,179.399994,181.479996,179.11969,3486795
59,2020-01-08,179.800003,180.520004,177.259995,179.229996,176.898972,2770350
60,2020-01-09,182.070007,184.119995,182.0,182.729996,180.353424,2997000
61,2020-01-10,182.399994,185.479996,181.729996,183.449997,181.064056,2543885
62,2020-01-13,184.0,188.559998,183.210007,187.830002,185.3871,3914925
63,2020-01-14,189.0,196.740005,188.410004,194.830002,192.296066,14487235
64,2020-01-15,195.600006,199.199997,194.770004,197.080002,194.5168,8562850
65,2020-01-16,196.960007,201.669998,196.949997,200.729996,198.119308,7607070
66,2020-01-17,202.0,205.0,202.0,204.369995,201.71199,5496735
67,2020-01-20,205.440002,205.639999,197.610001,198.669998,196.086136,4438240
68,2020-01-21,198.479996,198.880005,195.600006,196.550003,193.993698,2882445
69,2020-01-22,198.0,201.199997,197.399994,199.369995,196.777008,2970515
70,2020-01-23,199.720001,200.149994,197.800003,199.100006,196.510529,1633700
71,2020-01-24,200.0,202.520004,198.419998,200.539993,197.931778,2432850
72,2020-01-27,200.380005,203.490005,199.0,201.520004,198.899048,2760640
73,2020-01-28,202.720001,211.979996,202.029999,209.740005,207.012146,6514465
74,2020-01-29,214.5,225.979996,212.699997,223.279999,220.376038,14390900
75,2020-01-30,226.559998,232.800003,223.210007,227.429993,224.472061,19073065
76,2020-01-31,230.419998,247.0,229.210007,242.059998,238.911789,16631450
77,2020-02-03,238.869995,252.600006,237.210007,250.169998,246.91629,14263290
78,2020-02-04,258.0,287.600006,257.200012,282.529999,278.855438,32973625
79,2020-02-05,291.399994,309.559998,288.200012,301.709991,297.78598,54801510
80,2020-02-06,306.399994,312.600006,294.399994,300.859985,296.947021,27968115
81,2020-02-07,300.0,305.600006,296.399994,302.700012,298.763123,11897055
82,2020-02-10,304.779999,307.600006,293.200012,296.040009,292.189758,14954080
83,2020-02-11,299.040009,301.0,275.720001,281.600006,277.937531,14445050
84,2020-02-12,279.0,290.0,270.0,283.049988,279.368683,26712510
85,2020-02-13,316.700012,321.959991,303.070007,316.070007,311.959259,56906935
86,2020-02-14,319.799988,320.779999,309.720001,311.480011,307.428925,16647740
87,2020-02-17,312.980011,313.0,302.0,303.730011,299.779724,7844795
88,2020-02-18,303.0,329.600006,297.0,327.720001,323.457733,37932555
89,2020-02-19,333.26001,374.540009,331.679993,366.380005,361.614929,66560220
90,2020-02-20,374.0,395.399994,372.410004,386.01001,380.989594,60260010
91,2020-02-24,380.0,397.980011,362.399994,384.700012,381.674164,49287130
92,2020-02-25,384.660004,398.799988,383.399994,390.390015,387.319397,28821120
93,2020-02-26,391.799988,396.73999,388.0,390.329987,387.259857,18443625
94,2020-02-27,393.399994,394.0,377.76001,381.880005,378.876343,17376895
95,2020-02-28,368.399994,373.179993,346.26001,348.76001,346.016846,25451290
96,2020-03-02,362.0,374.73999,327.290009,344.649994,341.939178,24522045
97,2020-03-03,354.0,361.799988,337.309998,347.859985,345.123901,21576015
98,2020-03-04,350.399994,353.0,313.079987,313.079987,310.617462,22030465
99,2020-03-05,301.399994,304.98999,282.220001,286.170013,283.919159,38036670
100,2020-03-06,271.869995,271.869995,271.869995,271.869995,269.731598,1160040
101,2020-03-09,258.279999,258.279999,258.279999,258.279999,256.248505,675325
102,2020-03-11,245.369995,271.190002,245.369995,257.070007,255.04805,20419620
103,2020-03-12,244.220001,244.220001,244.220001,244.220001,242.299103,677425
104,2020-03-13,232.009995,253.759995,232.009995,245.550003,243.618652,15914735
105,2020-03-16,236.220001,239.600006,233.279999,233.279999,231.445145,6725625
106,2020-03-17,230.399994,235.759995,221.619995,221.619995,219.876846,8989995
107,2020-03-18,215.320007,217.589996,210.539993,210.539993,208.884018,2059540
108,2020-03-19,200.020004,206.600006,200.020004,200.020004,198.446762,3359100
109,2020-03-20,194.050003,201.0,190.020004,190.199997,188.703995,15339665
110,2020-03-23,180.690002,180.690002,180.690002,180.690002,179.268799,831170
111,2020-03-24,172.199997,175.589996,171.660004,171.660004,170.309814,1346635
112,2020-03-25,164.050003,165.0,163.080002,163.080002,161.797318,1476345
113,2020-03-26,154.929993,171.229996,154.929993,171.229996,169.883209,5266130
114,2020-03-27,179.789993,179.789993,179.789993,179.789993,178.375854,797295
115,2020-03-30,177.979996,188.770004,171.630005,187.160004,185.687912,9125940
116,2020-03-31,196.509995,196.509995,196.509995,196.509995,194.964355,323060
117,2020-04-01,206.330002,206.330002,206.330002,206.330002,204.707138,280930
118,2020-04-03,216.639999,216.639999,216.639999,216.639999,214.93602,1114130
119,2020-04-07,222.0,227.470001,219.800003,227.470001,225.680832,2977140
120,2020-04-08,238.839996,238.839996,238.839996,238.839996,236.961411,481645
121,2020-04-09,250.779999,250.779999,250.779999,250.779999,248.80748,513775
122,2020-04-13,251.800003,263.309998,240.020004,258.160004,256.129486,18673095
123,2020-04-15,245.259995,257.76001,245.259995,246.110001,244.174225,7513670
124,2020-04-16,244.800003,258.410004,238.0,258.410004,256.377472,6640150
125,2020-04-17,271.329987,271.329987,261.730011,271.329987,269.195831,9751210
126,2020-04-20,281.399994,284.890015,274.0,284.890015,282.649231,5904465
127,2020-04-21,282.0,297.0,276.0,292.420013,290.119995,12942850
128,2020-04-22,296.0,301.799988,280.220001,286.890015,284.633484,10123290
129,2020-04-23,288.0,289.790009,273.109985,274.269989,272.112732,7430780
130,2020-04-24,266.0,269.549988,260.559998,260.559998,258.51062,4558270
131,2020-04-27,252.399994,265.980011,248.169998,253.529999,251.535858,7345540
132,2020-04-28,256.0,266.200012,247.0,265.679993,263.590302,10009745
133,2020-04-29,272.799988,272.799988,261.109985,263.799988,261.725067,6271095
134,2020-04-30,268.0,268.98999,263.0,264.869995,262.786652,3995625
135,2020-05-04,254.020004,260.799988,254.020004,256.470001,254.452744,3829230
136,2020-05-05,261.0,261.959991,252.0,252.399994,250.414749,3284695
137,2020-05-06,252.800003,253.779999,240.449997,243.240005,241.326813,4604495
138,2020-05-07,243.880005,249.789993,238.0,242.910004,240.999405,5116205
139,2020-05-08,246.0,255.050003,244.399994,248.300003,246.347015,9340630
140,2020-05-11,260.709991,260.709991,260.709991,260.709991,258.659393,646280
141,2020-05-12,273.73999,273.73999,273.73999,273.73999,271.586884,860400
142,2020-05-13,287.420013,287.420013,275.200012,287.420013,285.159332,11339175
143,2020-05-14,293.98999,295.0,276.529999,277.839996,275.654663,19010370
144,2020-05-15,268.399994,275.480011,265.130005,266.019989,263.927643,6426190
145,2020-05-18,262.100006,262.98999,252.720001,252.720001,250.732254,4313685
146,2020-05-19,253.0,261.98999,249.130005,253.979996,251.98233,6044500
147,2020-05-20,266.670013,266.670013,266.670013,266.670013,264.57254,2592840
148,2020-05-21,280.0,280.0,280.0,280.0,277.797668,932825
149,2020-05-22,289.799988,292.0,280.0,284.540009,282.301941,13014475
150,2020-05-26,289.799988,289.799988,274.600006,275.549988,273.38269,5837790
151,2020-05-27,269.399994,282.980011,266.200012,278.350006,276.160645,6029400
152,2020-05-28,277.799988,280.799988,272.399994,276.26001,274.087097,3602915
153,2020-05-29,276.0,284.399994,273.269989,282.070007,279.851379,6210850
154,2020-06-01,290.0,290.0,282.279999,283.149994,280.922913,4756855
155,2020-06-02,284.399994,285.0,280.399994,281.970001,279.752167,3180730
156,2020-06-03,283.0,284.329987,277.799988,278.51001,276.319397,4156685
157,2020-06-04,279.5,287.980011,276.320007,286.290009,284.038239,9243615
158,2020-06-05,291.779999,297.5,287.200012,291.23999,288.94928,13630720
159,2020-06-08,294.0,319.0,291.769989,306.429993,304.019775,21675725
160,2020-06-09,309.200012,314.0,294.399994,298.679993,296.330719,8001035
161,2020-06-10,299.200012,301.369995,287.399994,290.910004,288.621857,5599610
162,2020-06-11,290.899994,295.589996,285.109985,286.670013,284.415222,4297205
163,2020-06-12,268.200012,288.799988,268.200012,285.049988,282.807922,7700555
164,2020-06-15,285.0,289.799988,282.130005,284.649994,282.411102,3668070
165,2020-06-16,289.0,290.549988,276.160004,282.209991,279.990265,4455950
166,2020-06-17,278.0,283.559998,277.209991,279.019989,276.825378,2552960
167,2020-06-18,280.0,285.540009,278.269989,281.920013,279.702576,3245460
168,2020-06-19,284.0,289.200012,283.0,284.790009,282.550018,7500115
169,2020-06-22,286.0,288.399994,282.420013,283.279999,281.05188,3847495
170,2020-06-23,285.200012,299.5,283.600006,290.160004,287.877777,12755875
171,2020-06-24,292.390015,295.799988,283.459991,284.200012,281.96463,5628365
172,2020-06-25,282.0,285.98999,278.399994,282.470001,280.24823,3444185
173,2020-06-26,269.799988,280.799988,268.0,276.450012,274.275574,8639075
174,2020-06-29,274.0,274.0,270.01001,271.170013,269.03714,3582780
175,2020-06-30,274.0,276.98999,271.220001,271.730011,269.592743,2741800
176,2020-07-01,272.730011,275.399994,271.200012,272.609985,270.46579,1913900
177,2020-07-02,288.0,293.559998,279.059998,282.470001,280.24823,10791955
178,2020-07-03,283.0,285.0,279.600006,281.019989,278.809631,2996775
179,2020-07-06,281.100006,283.100006,278.799988,280.149994,277.946472,3074475
180,2020-07-07,282.0,282.200012,278.01001,279.480011,277.281769,2400385
181,2020-07-08,279.399994,282.670013,276.920013,278.019989,275.833252,2361305
182,2020-07-09,279.200012,280.0,276.230011,277.01001,274.831207,1764935
183,2020-07-10,275.0,288.799988,272.0,280.190002,277.986176,9159430
184,2020-07-13,288.799988,288.799988,277.269989,279.470001,277.271851,6623445
185,2020-07-14,277.399994,277.399994,271.109985,272.429993,270.287201,3777750
186,2020-07-15,273.029999,275.799988,270.0,270.390015,268.263275,2770445
187,2020-07-16,271.0,275.799988,267.0,272.839996,270.69397,2641795
188,2020-07-17,274.799988,280.0,273.339996,274.190002,272.033356,4036710
189,2020-07-20,276.0,277.799988,274.200012,275.290009,273.124725,2525770
190,2020-07-21,276.299988,282.440002,275.290009,278.040009,275.853088,5775745
191,2020-07-22,279.0,279.73999,274.0,274.589996,272.430237,2290635
192,2020-07-23,274.619995,277.200012,273.01001,274.299988,272.142487,2095710
193,2020-07-24,273.019989,274.399994,271.200012,271.570007,269.43399,1880755
194,2020-07-27,271.600006,272.209991,268.410004,268.970001,266.854462,1604305
195,2020-07-28,269.0,270.799988,268.0,269.109985,266.993286,1281805
196,2020-07-29,269.0,273.799988,268.609985,270.549988,268.421967,1927480
197,2020-07-30,270.200012,271.98999,268.0,268.140015,266.030975,1308100
198,2020-07-31,269.160004,269.339996,266.429993,267.170013,265.068573,1074270
199,2020-08-03,267.399994,272.399994,266.839996,267.940002,265.83252,1467075
200,2020-08-04,267.200012,269.579987,267.040009,267.959991,265.852386,1132335
201,2020-08-05,269.0,269.399994,267.0,267.390015,265.286896,1106145
202,2020-08-06,267.5,269.410004,266.040009,266.910004,264.810638,1501335
203,2020-08-07,267.0,267.799988,266.0,266.269989,264.175629,1351535
204,2020-08-10,266.399994,267.399994,264.089996,264.75,262.667603,1538625
205,2020-08-11,264.799988,276.859985,263.01001,274.410004,272.251648,5547105
206,2020-08-12,270.0,282.799988,270.0,277.359985,275.178436,8819995
207,2020-08-13,279.600006,282.380005,275.019989,276.820007,274.6427,3442470
208,2020-08-14,277.01001,281.899994,270.01001,273.720001,271.567078,4930300
209,2020-08-17,275.600006,280.720001,272.059998,276.709991,274.533508,4352715
210,2020-08-18,276.0,277.980011,275.0,275.529999,273.362823,1710000
211,2020-08-19,277.200012,280.399994,267.600006,272.359985,270.217743,6399090
212,2020-08-20,269.0,271.48999,266.450012,269.410004,267.290955,3052855
213,2020-08-21,270.019989,271.779999,267.100006,268.359985,266.249207,2138085
214,2020-08-24,268.399994,270.0,267.059998,267.619995,265.515076,1747775
215,2020-08-25,269.600006,271.130005,268.0,268.350006,266.239319,1822090
216,2020-08-26,269.01001,277.440002,268.440002,273.859985,271.705963,5510310
217,2020-08-27,274.899994,276.799988,273.0,273.5,271.348785,1648005
218,2020-08-28,273.200012,275.959991,272.51001,273.299988,271.15036,1618380
219,2020-08-31,279.799988,279.799988,267.200012,268.850006,266.735352,2913125
220,2020-09-01,267.200012,273.0,267.200012,270.299988,268.17395,1672645
221,2020-09-02,272.600006,273.980011,270.619995,271.950012,269.810974,1232560
222,2020-09-03,273.200012,277.600006,272.23999,273.73999,271.586884,2498060
223,2020-09-04,269.600006,273.799988,269.600006,273.040009,270.892426,1590560
224,2020-09-07,278.0,290.329987,273.200012,282.970001,280.744324,16053985
225,2020-09-08,284.200012,291.980011,270.0,275.890015,273.720032,16003690
226,2020-09-09,270.0,271.73999,264.230011,269.779999,267.65802,9501855
227,2020-09-10,272.0,276.790009,270.029999,274.170013,272.013519,3343925
228,2020-09-11,273.899994,275.200012,270.200012,274.109985,271.95401,2226795
229,2020-09-14,272.0,277.600006,270.0,273.570007,271.418274,4307100
230,2020-09-15,275.0,277.600006,272.230011,273.959991,271.805176,1492300
231,2020-09-16,275.200012,275.399994,272.799988,273.480011,271.328979,1160655
232,2020-09-17,272.200012,274.820007,271.799988,274.140015,271.983765,1654570
233,2020-09-18,275.200012,284.0,274.140015,281.070007,278.859253,3765725
234,2020-09-21,285.0,286.0,276.0,279.470001,277.271851,4736910
235,2020-09-22,278.0,278.0,266.019989,271.140015,269.007355,2845595
236,2020-09-23,273.0,276.0,270.649994,274.570007,272.41037,1373740
237,2020-09-24,270.570007,273.200012,266.399994,267.769989,265.663879,1996385
238,2020-09-25,272.0,272.0,268.0,270.410004,268.283112,1113420
239,2020-09-28,272.0,274.5,271.0,273.410004,271.259521,1182090
240,2020-09-29,274.0,279.0,272.799988,276.670013,274.493896,2185520
241,2020-09-30,276.679993,283.899994,273.73999,276.799988,274.622833,3184865
242,2020-10-01,282.0,282.0,274.0,275.859985,273.690216,1485980
243,2020-10-05,278.0,278.209991,271.25,275.209991,273.045319,2033715
244,2020-10-06,272.600006,274.600006,272.0,272.769989,270.624512,1014955
245,2020-10-07,274.0,275.299988,269.799988,271.380005,269.245453,1969740
246,2020-10-08,273.600006,273.98999,270.0,271.119995,268.987518,1342420
247,2020-10-09,273.299988,273.299988,269.700012,270.200012,268.074799,756020
248,2020-10-12,271.0,273.959991,266.0,266.929993,264.830444,2219655
249,2020-10-13,267.609985,269.600006,266.670013,267.299988,265.19754,819350
250,2020-10-14,270.0,271.519989,266.200012,267.609985,265.505096,1730030
251,2020-10-15,268.0,269.540009,265.200012,265.899994,263.808563,1173905
252,2020-10-16,265.799988,268.0,265.0,265.619995,263.530762,707750
253,2020-10-19,266.0,267.0,265.059998,265.380005,263.789215,597970
254,2020-10-20,265.200012,268.540009,265.200012,266.440002,264.842865,1064730
255,2020-10-21,267.309998,268.779999,265.600006,266.350006,264.753418,782035
256,2020-10-22,266.600006,267.540009,265.269989,265.549988,263.958191,453130
257,2020-10-23,265.799988,266.570007,265.399994,265.589996,263.997955,422515
258,2020-10-26,265.799988,266.200012,263.600006,264.130005,262.546692,797865
259,2020-10-27,265.200012,265.779999,259.410004,265.200012,263.610291,1070910
260,2020-10-28,264.799988,267.799988,262.0,266.670013,265.071503,925025
261,2020-10-29,262.0,268.0,262.0,266.119995,264.52478,828875
262,2020-10-30,264.559998,265.890015,262.0,263.040009,261.463257,581740
263,2020-11-02,264.040009,264.350006,260.0,260.450012,258.888763,619650
264,2020-11-03,260.600006,262.299988,260.0,260.290009,258.729706,536545
265,2020-11-04,258.570007,261.76001,258.01001,260.109985,258.550751,642490
266,2020-11-05,260.220001,263.309998,260.220001,262.079987,260.508972,798410
267,2020-11-06,263.600006,263.679993,261.660004,262.23999,260.667999,540540
268,2020-11-09,263.600006,264.51001,262.200012,262.570007,260.996063,672440
269,2020-11-10,265.0,283.369995,264.410004,274.869995,273.22229,9449615
270,2020-11-11,279.600006,281.399994,268.600006,274.25,272.606079,3059480
271,2020-11-12,275.0,280.0,271.019989,276.290009,274.63382,2471185
272,2020-11-13,273.799988,280.600006,273.179993,277.850006,276.184479,3098180
273,2020-11-14,281.0,281.0,277.850006,279.730011,278.053192,747940
274,2020-11-17,279.730011,281.399994,274.519989,276.059998,274.405212,2093560
275,2020-11-18,273.0,274.190002,270.420013,273.059998,271.423157,1559975
276,2020-11-19,272.799988,276.0,272.0,275.209991,273.560272,1136050
277,2020-11-20,278.0,279.799988,272.329987,276.230011,274.574188,2517915
278,2020-11-23,273.600006,274.799988,271.399994,272.470001,270.8367,1612630
279,2020-11-24,274.040009,275.839996,271.399994,272.459991,270.826782,1122295
280,2020-11-25,274.0,274.0,270.600006,270.779999,269.15686,949640
281,2020-11-26,271.200012,271.98999,269.26001,270.269989,268.649872,614630
282,2020-11-27,269.26001,273.350006,269.26001,270.690002,269.067383,994610
283,2020-12-01,271.600006,273.600006,270.700012,271.619995,269.991791,946720
284,2020-12-02,273.600006,273.76001,269.309998,269.980011,268.361633,934200
285,2020-12-03,272.799988,279.209991,270.0,275.609985,273.957855,3157740
286,2020-12-04,276.399994,319.399994,276.399994,314.119995,312.237061,52163150
287,2020-12-07,317.0,344.0,316.600006,338.309998,336.282043,39043080
288,2020-12-08,341.359985,360.0,319.320007,329.700012,327.723663,30540895
289,2020-12-09,333.320007,340.25,320.200012,323.549988,321.610504,18432185
290,2020-12-10,281.0,304.929993,281.0,290.549988,288.808319,85934670
291,2020-12-11,280.790009,289.76001,280.0,284.200012,282.496399,48864630
292,2020-12-14,284.980011,301.73999,284.410004,295.799988,294.026825,47223000
293,2020-12-15,298.980011,299.600006,286.220001,288.200012,286.472443,26369570
294,2020-12-16,290.76001,291.179993,284.0,284.679993,282.973511,17800040
295,2020-12-17,286.200012,288.220001,284.049988,284.970001,283.26178,6637615
296,2020-12-18,286.0,291.299988,282.0,284.899994,283.1922,16348855
297,2020-12-21,284.76001,287.5,271.799988,274.700012,273.053375,12783780
298,2020-12-22,274.799988,281.790009,267.290009,279.809998,278.132721,13404085
299,2020-12-23,280.880005,284.700012,275.809998,282.309998,280.617706,8163885
300,2020-12-24,284.200012,285.679993,280.640015,281.790009,280.10083,6214910
301,2020-12-28,284.0,287.660004,282.220001,283.589996,281.890076,6621705
302,2020-12-29,285.200012,285.579987,281.600006,282.160004,280.468628,4642735
303,2020-12-30,284.0,288.600006,281.600006,286.98999,285.269684,8186020
304,2020-12-31,289.0,293.0,286.149994,287.559998,285.836243,13220150
305,2021-01-01,289.399994,291.799988,288.019989,289.0,287.267639,5820940
306,2021-01-04,292.399994,293.600006,289.0,290.209991,288.470367,5262530
307,2021-01-05,288.73999,292.600006,286.290009,291.369995,289.623413,6194675
308,2021-01-06,292.390015,302.980011,289.799988,296.690002,294.91153,21223825
309,2021-01-07,298.799988,301.980011,296.0,297.890015,296.10434,8845040
310,2021-01-08,300.799988,301.959991,292.149994,294.299988,292.535858,7844545
311,2021-01-11,296.470001,296.799988,290.399994,292.140015,290.388794,5149790
312,2021-01-12,292.140015,299.399994,290.799988,296.089996,294.315125,9024105
313,2021-01-13,298.399994,298.709991,288.440002,292.230011,290.478271,5903480
314,2021-01-14,293.690002,296.429993,290.48999,292.619995,290.865906,5618095
315,2021-01-15,293.690002,294.0,287.399994,288.23999,286.512177,4983220
316,2021-01-18,289.690002,292.369995,283.540009,284.670013,282.963593,6329360
317,2021-01-19,287.600006,289.570007,286.559998,288.700012,286.969421,2887500
318,2021-01-20,290.0,291.679993,287.399994,290.540009,288.798401,2870575
319,2021-01-21,292.0,296.630005,290.0,290.899994,289.15625,6042200
320,2021-01-22,290.799988,292.48999,284.619995,286.48999,284.772675,4410035
321,2021-01-25,286.600006,289.089996,283.410004,285.25,283.540131,3497400
322,2021-01-27,286.549988,288.730011,284.450012,287.649994,285.92572,4115535
323,2021-01-28,287.299988,299.73999,286.600006,291.410004,289.663177,14139780
324,2021-01-29,293.600006,295.790009,289.040009,291.220001,289.474304,7003680
325,2021-02-01,293.950012,299.540009,290.230011,291.980011,290.229767,12208490
326,2021-02-02,293.600006,295.600006,292.269989,294.100006,292.337036,5315880
327,2021-02-03,295.480011,299.600006,292.429993,293.869995,292.108429,9312665
328,2021-02-04,294.959991,308.0,292.850006,303.779999,301.959045,11025600
329,2021-02-05,309.940002,313.600006,303.0,311.0,309.135742,15029430
330,2021-02-08,313.959991,325.799988,312.399994,323.73999,321.799377,24263805
331,2021-02-09,324.799988,337.779999,318.399994,328.350006,326.381744,26576235
332,2021-02-10,329.679993,334.799988,322.220001,323.679993,321.739716,15255270
333,2021-02-11,325.200012,327.390015,322.350006,323.799988,321.859009,5604990
334,2021-02-12,325.48999,353.540009,325.200012,346.380005,344.30368,36497695
335,2021-02-15,346.799988,349.0,336.399994,342.619995,340.566193,14605000
336,2021-02-16,343.600006,346.75,332.399994,334.829987,332.822906,8881850
337,2021-02-17,334.399994,346.0,331.399994,339.730011,337.693542,10460450
338,2021-02-18,337.209991,345.200012,337.209991,340.23999,338.2005,4680520
339,2021-02-19,340.589996,343.049988,331.190002,335.079987,333.071411,4986820
340,2021-02-22,335.0,335.0,319.600006,323.170013,321.232819,8588995
341,2021-02-23,322.98999,328.420013,318.559998,326.579987,324.622314,4687445
342,2021-02-24,327.600006,339.399994,326.019989,335.089996,333.081329,3235425
343,2021-02-25,337.0,347.950012,334.0,345.390015,343.319611,9537220
344,2021-02-26,339.0,361.98999,336.0,351.929993,349.820374,25638605
345,2021-03-01,357.589996,394.970001,355.109985,387.690002,385.366028,33081285
346,2021-03-02,394.100006,397.600006,374.01001,379.529999,377.254974,27796385
347,2021-03-03,379.799988,386.0,376.0,377.220001,374.958801,9159855
348,2021-03-04,377.0,403.160004,374.0,392.220001,389.868896,47960940
349,2021-03-05,393.98999,399.679993,379.200012,388.170013,385.84317,17979140
350,2021-03-08,392.0,405.399994,385.320007,403.089996,400.673706,20916905
351,2021-03-09,410.0,414.600006,403.0,405.339996,402.910217,23912320
352,2021-03-10,409.0,409.559998,401.399994,403.700012,401.28009,8479065
353,2021-03-12,406.0,412.73999,393.0,397.470001,395.087433,12514795
354,2021-03-15,401.290009,401.290009,383.0,389.410004,387.075745,10548415
355,2021-03-16,385.720001,387.940002,378.0,380.809998,378.527283,11025335
356,2021-03-17,381.0,383.890015,360.200012,364.799988,362.61322,11818755
357,2021-03-18,367.600006,372.0,348.0,353.329987,351.211975,18337275
358,2021-03-19,350.0,375.0,340.600006,371.089996,368.865509,24535040
359,2021-03-22,371.399994,375.799988,360.829987,367.609985,365.406372,11250950
360,2021-03-23,369.700012,372.200012,366.200012,368.429993,366.221466,6601325
361,2021-03-24,365.940002,367.359985,350.079987,352.109985,349.999298,10445515
362,2021-03-25,353.799988,353.799988,341.0,344.369995,342.305695,10838460
363,2021-03-26,350.0,354.0,343.660004,349.480011,347.385101,8880665
364,2021-03-30,348.079987,354.799988,348.079987,351.049988,348.945648,7365165
365,2021-03-31,351.73999,354.98999,347.0,351.399994,349.293579,5430005
366,2021-04-01,352.0,355.890015,350.0,350.350006,348.249878,4724735
367,2021-04-05,345.200012,347.589996,335.480011,340.529999,338.488739,8114150
368,2021-04-06,340.529999,343.799988,336.600006,337.709991,335.685608,5058525
369,2021-04-07,336.839996,344.279999,334.600006,341.799988,339.751129,7335430
370,2021-04-08,339.76001,347.839996,336.0,345.279999,343.210266,9702175
371,2021-04-09,346.0,350.73999,343.0,346.179993,344.104828,6254115
372,2021-04-12,336.040009,339.540009,314.690002,316.399994,314.503387,14036295
373,2021-04-13,316.410004,324.600006,316.410004,322.329987,320.397797,6131320
374,2021-04-15,318.420013,326.579987,317.799988,321.619995,319.692078,5790815
375,2021-04-16,322.200012,327.619995,321.200012,325.48999,323.538879,4840415
376,2021-04-19,310.0,324.0,310.0,322.540009,320.606598,5966190
377,2021-04-20,323.200012,329.790009,323.200012,328.01001,326.043793,5716145
378,2021-04-22,322.799988,336.200012,322.799988,334.609985,332.604187,4942510
379,2021-04-23,334.0,343.579987,332.200012,342.399994,340.347504,8147370
380,2021-04-26,344.380005,347.850006,343.600006,346.170013,344.09494,3958795
381,2021-04-27,346.0,360.519989,342.929993,358.640015,356.490204,11298835
382,2021-04-28,360.0,363.600006,355.0,359.170013,357.016998,7690145
383,2021-04-29,360.200012,363.600006,353.059998,358.51001,356.360962,6060475
384,2021-04-30,356.980011,361.829987,351.549988,358.279999,356.132355,3783275
385,2021-05-03,352.200012,356.390015,350.600006,353.109985,350.993317,3866580
386,2021-05-04,357.0,357.809998,352.200012,354.040009,351.917755,2930215
387,2021-05-05,355.0,356.589996,343.0,344.730011,342.663544,6078590
388,2021-05-06,347.100006,348.799988,343.209991,345.040009,342.971741,2386180
389,2021-05-07,340.0,341.970001,336.299988,338.679993,336.649811,4155495
390,2021-05-10,340.0,351.5,338.190002,349.730011,347.633606,5144555
391,2021-05-11,345.0,360.079987,344.609985,358.459991,356.311249,6486335
392,2021-05-12,359.799988,365.799988,346.559998,349.320007,347.226044,8139435
393,2021-05-14,352.0,354.799988,346.0,349.529999,347.434784,5857255
394,2021-05-17,352.630005,356.200012,348.600006,352.420013,350.307465,3874060
395,2021-05-18,356.0,368.549988,354.049988,367.01001,364.810028,9526800
396,2021-05-19,368.799988,376.98999,368.0,371.619995,369.392365,10493850
397,2021-05-20,372.399994,374.079987,364.559998,371.130005,368.905304,4799150
398,2021-05-21,372.0,378.940002,370.01001,372.399994,370.167694,6000765
399,2021-05-24,374.0,380.559998,373.480011,376.899994,374.640717,6355885
400,2021-05-25,380.299988,382.799988,378.0,381.589996,379.302582,4947580
401,2021-05-26,384.0,386.01001,377.600006,378.809998,376.539276,4613785
402,2021-05-27,380.0,388.230011,375.200012,385.670013,383.358154,11421490
403,2021-05-28,385.600006,385.670013,377.769989,379.25,376.976624,3356385
404,2021-05-31,381.970001,383.799988,379.429993,380.640015,378.358307,2485790
405,2021-06-01,382.359985,384.529999,377.600006,378.920013,376.648621,2098710
406,2021-06-02,379.98999,385.5,379.049988,383.589996,381.290619,2883775
407,2021-06-03,385.600006,389.720001,383.200012,384.359985,382.056,2749735
408,2021-06-04,387.399994,387.399994,382.709991,384.339996,382.036102,1798105
409,2021-06-07,387.799988,422.769989,385.339996,418.959991,416.448578,30720335
410,2021-06-08,426.190002,436.799988,424.399994,428.970001,426.398621,32451425
411,2021-06-09,432.0,432.600006,412.0,414.23999,411.756897,11678705
412,2021-06-10,418.700012,424.200012,410.329987,421.269989,418.74472,8977510
413,2021-06-11,423.0,426.399994,416.200012,418.75,416.239838,4220295
414,2021-06-14,417.98999,418.399994,405.0,412.880005,410.40506,5011980
415,2021-06-15,414.200012,427.970001,412.399994,419.589996,417.074799,9562490
416,2021-06-16,421.890015,424.390015,415.059998,417.98999,415.484406,4284715
417,2021-06-17,414.0,417.790009,407.279999,410.079987,407.621826,3771420
418,2021-06-18,414.049988,414.049988,395.730011,402.339996,399.928223,6521685
419,2021-06-21,400.0,418.75,396.230011,415.369995,412.880127,8466300
420,2021-06-22,420.0,425.670013,415.0,416.600006,414.102722,6428745
421,2021-06-23,420.399994,422.279999,414.399994,415.649994,413.158417,4048120
422,2021-06-24,419.600006,419.600006,413.200012,414.589996,412.104767,2707570
423,2021-06-25,416.869995,417.700012,410.619995,413.769989,411.289703,2379110
424,2021-06-28,416.799988,422.48999,413.679993,415.549988,413.059021,3538660
425,2021-06-29,418.399994,425.380005,413.01001,416.369995,413.874115,8367385
426,2021-06-30,412.109985,420.75,404.290009,406.769989,404.331665,12814570
427,2021-07-01,409.559998,411.769989,406.059998,406.959991,404.520508,3754990
428,2021-07-02,409.600006,413.790009,407.399994,412.109985,409.639648,2610295
429,2021-07-05,416.799988,439.0,413.630005,434.720001,432.114105,15752915
430,2021-07-06,440.0,444.399994,432.0,433.779999,431.179749,19202485
431,2021-07-07,433.779999,439.799988,432.070007,437.690002,435.066345,5026855
432,2021-07-08,439.0,449.600006,437.0,438.779999,436.14975,13226030
433,2021-07-09,438.779999,444.799988,433.690002,441.850006,439.201416,7415555
434,2021-07-12,445.790009,454.380005,443.450012,452.579987,449.867065,10442855
435,2021-07-13,454.600006,456.790009,451.230011,454.890015,452.163239,8587235
436,2021-07-14,456.380005,456.380005,449.109985,453.279999,450.562866,3411760
437,2021-07-15,453.279999,459.420013,450.200012,453.660004,450.940613,4459290
438,2021-07-16,454.799988,491.480011,453.75,485.329987,482.420746,34640095
439,2021-07-19,480.980011,491.200012,477.089996,484.899994,481.993317,11797880
440,2021-07-20,487.200012,495.98999,474.0,476.130005,473.275879,12440815
441,2021-07-22,480.799988,483.410004,468.399994,473.029999,470.194458,6746515
442,2021-07-23,473.980011,476.48999,463.200012,465.070007,462.282227,5243460
443,2021-07-26,466.899994,473.0,460.410004,462.660004,459.886627,6531495
444,2021-07-27,465.589996,469.399994,456.200012,459.109985,456.35791,4632295
445,2021-07-28,461.0,463.0,452.570007,456.730011,453.992188,3579030
446,2021-07-29,457.559998,468.700012,457.200012,464.220001,461.437286,4462290
447,2021-07-30,464.799988,472.399994,460.0,466.26001,463.465057,4357415
448,2021-08-02,493.799988,502.600006,484.470001,493.779999,490.820099,36666555
449,2021-08-03,496.25,499.5,489.0,493.570007,490.611359,8598145
450,2021-08-04,496.0,507.0,493.130005,498.230011,495.243408,11512810
451,2021-08-05,500.200012,504.399994,493.059998,494.579987,491.615295,7075850
452,2021-08-06,497.0,500.920013,494.779999,497.519989,494.537689,3553315
453,2021-08-09,500.079987,536.0,499.470001,529.640015,526.465149,27172245
454,2021-08-10,533.0,545.0,524.0,527.919983,524.755432,22718380
455,2021-08-11,531.390015,534.369995,505.600006,514.450012,511.366211,14865920
456,2021-08-12,518.789978,545.77002,514.450012,537.960022,534.735291,30341990
457,2021-08-13,542.859985,542.859985,527.599976,532.140015,528.950195,11688585
458,2021-08-16,534.76001,534.76001,522.400024,525.919983,522.767395,4956310
459,2021-08-17,526.0,539.0,523.0,533.919983,530.719482,8253620
460,2021-08-18,536.549988,550.0,534.650024,543.809998,540.550232,13629770
461,2021-08-20,540.0,542.599976,522.200012,529.26001,526.087463,8280035
462,2021-08-23,533.0,536.98999,507.109985,510.820007,507.757935,8559910
463,2021-08-24,514.0,522.309998,508.0,512.960022,509.885162,6996380
464,2021-08-25,515.380005,530.700012,514.150024,527.299988,524.13916,12582655
465,2021-08-26,529.590027,532.780029,523.0,524.340027,521.196899,7009955
466,2021-08-27,525.0,531.359985,521.0,529.73999,526.564514,4466105
467,2021-08-30,533.599976,542.599976,531.799988,539.549988,536.315735,6642175
468,2021-08-31,542.200012,551.900024,540.200012,550.400024,547.100708,10251115
469,2021-09-01,551.0,553.080017,543.599976,549.25,545.957581,4574825
470,2021-09-02,549.200012,571.599976,548.599976,565.98999,562.597229,12314090
471,2021-09-03,568.799988,579.460022,565.299988,573.97998,570.539368,8757735
472,2021-09-06,577.119995,608.0,575.830017,601.679993,598.073303,25302570
473,2021-09-07,610.0,661.0,609.070007,657.380005,653.439453,57776555
474,2021-09-08,666.0,684.530029,653.109985,659.280029,655.328064,44363970
475,2021-09-09,650.0,671.599976,636.450012,659.0,655.049744,28326075
476,2021-09-13,663.0,690.140015,662.0,687.150024,683.030945,23892315
477,2021-09-14,697.400024,751.76001,695.200012,747.690002,743.20813,59109125
478,2021-09-15,758.799988,787.97998,730.450012,736.450012,732.035461,42781400
479,2021-09-16,748.960022,759.75,736.450012,753.940002,749.420654,18011055
480,2021-09-17,764.0,803.940002,758.140015,772.679993,768.04834,61620795
481,2021-09-20,769.76001,769.76001,736.039978,741.580017,737.134705,23477555
482,2021-09-21,745.72998,769.960022,710.0,724.909973,721.537537,26517155
483,2021-09-22,734.799988,750.0,728.099976,734.26001,730.844116,14540470
484,2021-09-23,748.799988,751.799988,736.0,738.809998,735.372925,7153935
485,2021-09-24,744.0,747.200012,728.0,737.849976,734.417419,7698190
486,2021-09-27,747.02002,773.0,740.200012,766.97998,763.411926,18612320
487,2021-09-28,779.0,795.0,756.400024,773.119995,769.523315,32886570
488,2021-09-29,771.780029,771.780029,751.109985,754.030029,750.522156,12895755
489,2021-09-30,764.0,776.0,755.440002,759.700012,756.165771,14624460
490,2021-10-01,755.400024,764.200012,746.630005,758.719971,755.190308,7999080
491,2021-10-04,762.52002,812.969971,761.679993,801.780029,798.049988,26394340
492,2021-10-05,817.0,841.679993,801.0,833.219971,829.34375,36846475
493,2021-10-06,839.799988,902.0,836.0,892.669983,888.517151,58581180
494,2021-10-07,919.599976,953.789978,905.01001,938.179993,933.81543,43227600
495,2021-10-08,964.799988,992.840027,944.219971,975.309998,970.772705,61367310
496,2021-10-11,980.97998,985.700012,950.0,954.51001,950.069458,30074685
497,2021-10-12,953.0,975.400024,945.0,963.450012,958.967896,16397000
498,2021-10-13,970.200012,992.0,966.25,985.76001,981.174133,16210660
499,2021-10-14,1000.799988,1118.800049,998.0,1092.709961,1087.626465,71177100
500,2021-10-18,1118.800049,1193.400024,1115.01001,1175.540039,1170.071289,39694580
501,2021-10-19,1235.0,1279.26001,999.210022,1090.969971,1085.894653,74305750
502,2021-10-20,981.880005,999.960022,875.460022,886.869995,882.744141,98333925
503,2021-10-21,888.140015,950.0,882.820007,914.650024,910.394897,46361195
504,2021-10-22,925.599976,936.0,890.01001,924.51001,920.209045,28022520
505,2021-10-25,937.0,937.0,792.219971,804.469971,800.727417,38866505
506,2021-10-26,813.599976,880.0,810.200012,837.900024,834.002014,41011205
507,2021-10-27,850.099976,866.960022,806.75,826.030029,822.187195,26793965
508,2021-10-28,817.0,983.0,810.0,913.5,909.250244,59298778
509,2021-10-29,822.150024,906.450012,639.450012,845.700012,841.765686,82848030
510,2021-11-01,874.200012,885.0,809.25,855.450012,851.470337,29989312
511,2021-11-02,868.400024,868.799988,844.25,848.200012,844.254089,9742650
512,2021-11-03,840.0,848.900024,815.099976,819.849976,816.03595,10088006
513,2021-11-04,828.25,828.25,820.0,822.25,818.424744,2229843
514,2021-11-08,819.0,840.0,779.849976,832.849976,828.975403,11974709
515,2021-11-09,835.0,858.0,834.0,856.0,852.017761,9656004
516,2021-11-10,856.0,866.0,847.0,849.849976,845.896362,6275409
517,2021-11-11,849.0,856.0,835.0,847.299988,843.358215,4924717
518,2021-11-12,853.0,876.0,847.0,864.849976,860.826538,9255302
519,2021-11-15,877.950012,923.0,869.0,903.400024,899.197266,21402501
520,2021-11-16,915.799988,929.0,911.349976,921.049988,916.765137,9298944
521,2021-11-17,925.0,928.700012,900.099976,903.599976,899.396301,7189458
522,2021-11-18,903.5,905.900024,871.099976,890.650024,886.506531,7714073
523,2021-11-22,912.0,919.700012,872.349976,886.75,882.624695,11376478
524,2021-11-23,877.0,897.599976,872.599976,892.799988,888.646545,6078636
525,2021-11-24,898.0,901.700012,853.099976,862.799988,858.786133,7679846
526,2021-11-25,863.0,874.5,835.650024,865.549988,861.523315,9169669
527,2021-11-26,849.0,854.950012,820.0,823.049988,819.221008,10211011
528,2021-11-29,786.0,801.0,750.549988,775.799988,772.190857,13888743
529,2021-11-30,790.299988,819.900024,787.599976,795.150024,791.450867,37176726
530,2021-12-01,809.0,817.0,796.349976,811.950012,808.172668,6448797
531,2021-12-02,815.25,825.0,803.0,821.25,817.429443,4869021
532,2021-12-03,819.0,831.450012,810.0,819.900024,816.085754,4777395
533,2021-12-06,815.0,819.5,798.200012,801.400024,797.671753,4473930
534,2021-12-07,809.950012,829.799988,807.0,823.049988,819.221008,4528051
535,2021-12-08,830.5,856.700012,829.049988,851.400024,847.439148,7190775
536,2021-12-09,856.0,863.0,841.549988,856.849976,852.86377,5118754
537,2021-12-10,851.0,869.950012,850.0,857.950012,853.958679,4358630
538,2021-12-13,862.5,878.200012,856.25,858.700012,854.705261,4485978
539,2021-12-14,860.0,860.0,843.0,855.049988,851.072144,3374432
540,2021-12-15,851.200012,867.400024,848.0,851.200012,847.240051,2762485
541,2021-12-16,857.049988,860.799988,841.349976,852.150024,848.18573,2918474
542,2021-12-17,850.0,851.900024,825.450012,832.400024,828.527588,4227183
543,2021-12-20,807.0,825.700012,780.700012,794.099976,790.405701,7418777
544,2021-12-21,805.0,818.849976,800.0,814.75,810.959656,3613582
545,2021-12-22,820.0,842.599976,819.0,839.75,835.843323,3721795
546,2021-12-23,846.700012,847.349976,834.200012,841.349976,837.435913,2917612
547,2021-12-24,841.0,842.799988,828.5,837.200012,833.305176,2502607
548,2021-12-27,823.0,840.0,823.0,839.0,835.096863,2640676
549,2021-12-28,840.700012,876.599976,840.549988,863.5,859.482849,8220616
550,2021-12-29,859.450012,864.0,847.0,849.349976,845.398682,3670117
551,2021-12-30,846.700012,847.799988,831.099976,833.0,829.124756,3488161
552,2021-12-31,834.900024,840.0,829.150024,831.75,827.880554,2712460
553,2022-01-03,831.900024,850.0,830.349976,845.650024,841.715942,3501695
554,2022-01-04,850.0,853.700012,843.299988,848.049988,844.104736,2496924
555,2022-01-05,845.0,847.099976,828.0,840.599976,836.689331,3312721
556,2022-01-06,825.0,847.900024,825.0,843.25,839.327087,2842824
557,2022-01-07,843.25,888.0,842.450012,860.950012,856.944763,12254034
558,2022-01-10,862.5,878.75,862.5,873.450012,869.386597,4778546
559,2022-01-11,875.0,883.0,859.150024,862.400024,858.388062,3257687
560,2022-01-12,868.799988,869.400024,848.25,861.25,857.243347,3419540
561,2022-01-13,861.25,874.0,853.049988,868.150024,864.111267,3384510
562,2022-01-14,863.900024,908.0,856.700012,902.700012,898.500549,14072932
563,2022-01-17,910.0,918.650024,891.25,897.349976,893.175354,6834869
564,2022-01-18,899.900024,904.200012,855.900024,861.099976,857.093994,5857768
565,2022-01-19,863.5,877.950012,850.299988,875.950012,871.874939,4437914
566,2022-01-20,875.75,885.0,865.650024,880.400024,876.304321,3262969
567,2022-01-21,873.0,881.0,855.0,861.700012,857.691223,3915909
568,2022-01-24,859.5,860.150024,805.0,809.799988,806.032715,7654105
569,2022-01-25,809.0,833.0,784.799988,829.900024,826.039185,5090144
570,2022-01-27,818.599976,824.400024,803.0,813.799988,810.014099,4740612
571,2022-01-28,825.75,860.0,817.0,844.599976,840.670776,5541007
572,2022-01-31,855.0,880.950012,849.599976,868.0,863.961914,4650001
573,2022-02-01,894.599976,899.900024,848.599976,856.900024,852.913574,11012459
574,2022-02-02,863.0,868.0,857.0,860.900024,856.894958,2531086
575,2022-02-03,860.5,871.849976,857.0,860.650024,856.646118,2603770
576,2022-02-04,861.0,865.5,851.25,855.75,851.768921,2105561
577,2022-02-07,858.75,868.549988,830.0,835.599976,831.712646,4119747
578,2022-02-08,842.5,848.599976,821.5,838.049988,834.151245,3851680
579,2022-02-09,859.0,868.400024,845.099976,849.950012,845.995911,6791815
580,2022-02-10,855.0,855.150024,840.299988,845.900024,841.964783,2569073
581,2022-02-11,835.5,841.950012,825.0,830.75,826.885254,2582020
582,2022-02-14,819.5,819.950012,792.349976,798.349976,794.635986,4917765
583,2022-02-15,805.0,823.0,791.5,820.5,816.682922,4358562
584,2022-02-16,830.799988,838.0,820.200012,825.0,821.161987,2883449
585,2022-02-17,829.950012,834.0,820.0,821.849976,820.014526,2350333
586,2022-02-18,818.0,827.299988,813.049988,816.349976,814.526794,1905006
587,2022-02-21,810.0,816.0,796.0,803.400024,801.605774,3000870
588,2022-02-22,781.0,799.349976,780.0,789.599976,787.836548,4301060
589,2022-02-23,799.900024,819.0,795.0,814.349976,812.53125,4772916
590,2022-02-24,775.0,794.349976,735.0,738.049988,736.401672,10021435
591,2022-02-25,770.0,803.5,768.0,800.0,798.213318,7097351
592,2022-02-28,780.299988,812.0,780.200012,809.349976,807.542419,4654745
593,2022-03-02,795.0,815.799988,795.0,808.799988,806.993652,3010826
594,2022-03-03,822.0,822.0,796.849976,799.650024,797.864136,2962409
595,2022-03-04,780.0,780.200012,730.0,747.25,745.581177,15395743
596,2022-03-07,740.0,740.0,708.400024,718.0,716.396484,6257302
597,2022-03-08,718.0,728.950012,709.049988,718.049988,716.44635,4872109
598,2022-03-09,730.950012,738.599976,719.049988,735.049988,733.408386,4485413
599,2022-03-10,762.0,772.0,750.0,758.099976,756.406921,5542997
600,2022-03-11,754.299988,765.0,748.0,757.75,756.057678,2461743
601,2022-03-14,743.0,762.849976,738.549988,752.849976,751.16864,3574348
602,2022-03-15,759.0,769.900024,751.049988,756.400024,754.710754,3053279
603,2022-03-16,768.0,773.599976,764.400024,768.25,766.534241,2456680
604,2022-03-17,776.25,779.599976,767.150024,770.450012,768.72937,2471381
605,2022-03-21,773.049988,782.700012,768.0,770.75,769.028687,2165538
606,2022-03-22,774.0,774.0,752.099976,765.799988,764.089722,2670547
607,2022-03-23,772.0,785.599976,763.0,766.450012,764.738281,3000265
608,2022-03-24,766.400024,779.400024,760.299988,772.5,770.77478,1803315
609,2022-03-25,779.0,779.25,768.0,770.049988,768.3302,1756340
610,2022-03-28,771.0,776.950012,758.599976,766.25,764.538696,2500762
611,2022-03-29,769.0,775.75,766.0,767.599976,765.885681,2496305
612,2022-03-30,773.0,795.0,769.0,789.549988,787.786682,5002096
613,2022-03-31,791.049988,792.75,773.0,774.700012,772.969849,2496423
614,2022-04-01,777.0,802.650024,775.549988,798.200012,796.417358,4160527
615,2022-04-04,803.950012,837.700012,803.0,832.700012,830.840332,5650502
616,2022-04-05,840.849976,840.950012,819.450012,822.349976,820.513428,3480544
617,2022-04-06,820.0,828.950012,787.75,791.950012,790.181335,5400080
618,2022-04-07,795.849976,801.0,784.0,787.75,785.990723,3337181
619,2022-04-08,791.849976,799.799988,789.049988,790.349976,788.584839,1715933
620,2022-04-11,790.349976,809.0,790.349976,801.400024,799.610229,2482781
621,2022-04-12,801.400024,801.950012,776.400024,783.599976,781.849915,2743228
622,2022-04-13,790.0,793.700012,778.0,780.299988,778.557312,1501647
623,2022-04-18,778.0,778.0,757.299988,767.200012,765.486633,2339997
624,2022-04-19,771.049988,778.0,745.299988,752.75,751.068848,2121322
625,2022-04-20,755.0,761.5,742.849976,747.599976,745.930359,2149320
626,2022-04-21,757.799988,761.299988,751.150024,759.650024,757.953491,1365751
627,2022-04-22,751.25,766.0,751.0,755.200012,753.513428,1361764
628,2022-04-25,745.0,754.450012,740.0,745.599976,743.934814,1579619
629,2022-04-26,749.0,762.799988,749.0,761.049988,759.350342,1581369
630,2022-04-27,755.0,758.549988,742.099976,748.5,746.828369,1666186
631,2022-04-28,756.700012,761.0,744.099976,757.400024,755.708496,1902979
632,2022-04-29,759.950012,766.650024,745.0,745.950012,744.284058,1428538
633,2022-05-02,740.0,742.700012,730.150024,737.5,735.852905,1299170
634,2022-05-04,740.0,744.700012,719.150024,721.650024,720.03833,1654040
635,2022-05-05,729.950012,732.599976,714.200012,717.200012,715.598267,1245236
636,2022-05-06,710.0,710.950012,700.0,704.549988,702.976501,2164692
637,2022-05-09,699.0,702.450012,684.25,690.75,689.207336,1879751
638,2022-05-10,688.75,698.799988,675.0,678.75,677.234131,1497882
639,2022-05-11,678.900024,688.0,643.650024,657.099976,655.632446,2586387
640,2022-05-12,653.0,653.0,618.0,620.650024,619.263916,3756193
641,2022-05-13,626.0,661.0,626.0,651.799988,650.344299,3683558
642,2022-05-16,657.849976,659.849976,639.549988,653.75,652.289978,2251248
643,2022-05-17,655.450012,687.0,650.549988,683.150024,681.624329,2795767
644,2022-05-18,686.200012,692.650024,668.599976,671.75,670.249756,2385266
645,2022-05-19,644.0,661.450012,644.0,654.849976,653.387512,2189389
646,2022-05-20,670.0,670.0,656.0,662.25,660.770996,1380474
647,2022-05-23,665.0,676.400024,651.549988,653.25,651.791077,2459723
648,2022-05-24,659.650024,659.650024,639.0,651.150024,649.695801,2143475
649,2022-05-25,655.0,658.25,637.0,647.450012,646.004028,2333806
650,2022-05-26,648.0,652.0,625.25,639.400024,637.972046,2987486
651,2022-05-27,649.0,665.0,648.0,652.450012,650.992859,2191764
652,2022-05-30,663.5,713.0,662.849976,695.099976,693.547607,7812575
653,2022-05-31,705.0,711.0,677.349976,692.650024,691.103088,8925215
654,2022-06-01,692.650024,698.849976,685.049988,687.799988,686.263916,2016185
655,2022-06-02,687.0,692.099976,671.599976,673.099976,671.596741,2332416
656,2022-06-03,681.0,685.0,664.299988,665.400024,663.91394,2642554
657,2022-06-06,665.0,665.0,648.150024,657.900024,656.430725,1819887
658,2022-06-07,657.0,665.0,650.0,654.700012,653.237854,1587641
659,2022-06-08,654.700012,663.299988,645.0,647.599976,646.153687,1797454
660,2022-06-09,644.450012,651.900024,641.450012,649.5,648.049438,1149323
661,2022-06-10,642.0,649.799988,641.150024,644.650024,643.210327,982264
662,2022-06-13,635.0,635.0,621.700012,626.650024,625.250488,2000311
663,2022-06-14,624.0,635.0,619.5,623.200012,621.808228,1952853
664,2022-06-15,624.950012,632.450012,622.200012,623.349976,621.957825,971460
665,2022-06-16,633.599976,633.950012,597.200012,600.099976,598.759766,2867076
666,2022-06-17,599.0,601.049988,581.450012,594.349976,593.022583,3552167
667,2022-06-20,590.0,597.900024,568.450012,574.25,572.967529,2426937
668,2022-06-21,578.0,603.0,574.049988,599.849976,598.510315,3366401
669,2022-06-22,597.700012,597.700012,584.150024,589.799988,588.482788,1686383
670,2022-06-23,589.799988,595.799988,581.900024,589.5,588.183472,2026544
671,2022-06-24,592.049988,599.950012,590.599976,596.5,595.167847,1938626
672,2022-06-27,605.049988,615.0,602.5,613.0,611.630981,2296044
673,2022-06-28,610.549988,623.5,603.799988,620.049988,618.665222,2017990
674,2022-06-29,612.0,614.950012,597.0,601.150024,599.807434,2143251
675,2022-06-30,601.150024,603.900024,575.0,576.200012,574.913147,3232913
676,2022-07-01,576.200012,585.799988,575.700012,579.200012,577.906494,1928361
677,2022-07-04,581.5,586.5,572.0,575.400024,574.11499,1698911
678,2022-07-05,579.0,583.799988,570.0,570.849976,569.575073,1576894
679,2022-07-06,570.849976,579.150024,557.0,577.299988,576.010681,2751283
680,2022-07-07,584.299988,588.0,578.099976,582.650024,581.348755,2197534
681,2022-07-08,586.0,591.0,583.400024,589.0,587.68457,1642440
682,2022-07-11,587.599976,594.650024,583.75,592.900024,591.575867,1443087
683,2022-07-12,589.0,601.200012,582.349976,590.25,588.931763,1990023
684,2022-07-13,593.0,605.599976,591.299988,592.799988,591.476074,2991446
685,2022-07-14,594.950012,597.849976,581.0,585.700012,584.391968,1831386
686,2022-07-15,589.0,594.400024,586.099976,591.25,589.929565,1140354
687,2022-07-18,595.799988,605.0,595.25,604.0,602.651062,2221750
688,2022-07-19,600.0,611.5,599.0,607.75,606.3927,2129099
689,2022-07-20,615.950012,617.400024,606.450012,608.150024,606.791809,1599889
690,2022-07-21,608.0,612.900024,603.150024,607.849976,606.492432,1622641
691,2022-07-22,610.650024,616.799988,607.049988,609.75,608.388245,1465991
692,2022-07-25,609.299988,610.799988,596.049988,599.299988,597.961548,1288536
693,2022-07-26,597.599976,598.900024,591.0,596.049988,594.718811,1549042
694,2022-07-27,593.0,602.25,588.799988,600.950012,599.60791,1176622
695,2022-07-28,604.099976,606.849976,598.099976,602.5,601.154419,1600700
696,2022-07-29,606.0,640.0,605.200012,637.099976,635.677124,6964646
697,2022-08-01,646.349976,647.900024,632.75,641.900024,640.466431,3068787
698,2022-08-02,639.5,654.900024,632.0,647.950012,646.50293,3211110
699,2022-08-03,645.349976,648.650024,635.0,642.150024,640.715881,1638012
700,2022-08-04,645.0,649.400024,631.049988,639.0,637.572876,1794443
701,2022-08-05,640.650024,647.200012,637.799988,642.349976,640.915405,1225071
702,2022-08-08,643.0,661.0,642.400024,658.5,657.029358,3886443
703,2022-08-10,663.25,677.5,654.200012,673.150024,671.646667,5461816
704,2022-08-11,688.0,691.349976,652.299988,670.099976,668.603394,8853819
705,2022-08-12,670.200012,684.950012,663.700012,666.450012,664.961609,4080911
706,2022-08-16,669.799988,676.0,666.0,668.150024,666.657837,1596822
707,2022-08-17,668.950012,676.0,668.150024,671.650024,670.150024,1526304
708,2022-08-18,674.0,723.0,673.0,714.150024,714.150024,10273793
709,2022-08-19,706.900024,752.75,697.150024,735.150024,735.150024,25609355
710,2022-08-22,719.0,726.5,703.200012,712.5,712.5,9845889
711,2022-08-23,703.0,719.0,698.299988,714.950012,714.950012,4889154
712,2022-08-24,714.950012,729.0,708.150024,724.299988,724.299988,4455258
713,2022-08-25,729.900024,733.75,715.0,717.0,717.0,3528550
714,2022-08-26,720.0,727.75,716.099976,718.650024,718.650024,1996839
715,2022-08-29,666.0,697.0,666.0,691.799988,691.799988,5290429
716,2022-08-30,699.950012,713.849976,696.200012,710.75,710.75,3375748
717,2022-09-01,707.0,716.849976,703.200012,707.049988,707.049988,2309164
718,2022-09-02,713.900024,726.200012,710.150024,712.650024,712.650024,3497693
719,2022-09-05,716.25,721.450012,710.0,710.900024,710.900024,1573079
720,2022-09-06,714.900024,717.650024,705.200012,708.299988,708.299988,1471443
721,2022-09-07,707.0,711.5,701.599976,706.450012,706.450012,1244503
722,2022-09-08,713.200012,724.0,709.150024,714.799988,714.799988,2501592
723,2022-09-09,718.5,721.450012,710.0,711.799988,711.799988,1383138
724,2022-09-12,715.0,725.0,713.5,721.299988,721.299988,2318918
725,2022-09-13,724.950012,727.700012,718.0,719.950012,719.950012,1479262
726,2022-09-14,712.0,718.650024,708.049988,712.849976,712.849976,1269173
727,2022-09-15,716.450012,738.0,715.099976,724.349976,724.349976,5718669
728,2022-09-16,724.400024,730.349976,692.0,703.0,703.0,3745099
729,2022-09-19,704.900024,709.400024,689.799988,692.0,692.0,2263251
730,2022-09-20,699.900024,715.0,698.400024,706.150024,706.150024,2330872
731,2022-09-21,707.950012,712.950012,695.799988,700.349976,700.349976,1419089
732,2022-09-22,700.0,705.0,693.099976,700.900024,700.900024,1654457
733,2022-09-23,703.5,706.849976,684.0,685.799988,685.799988,1804335
734,2022-09-26,680.0,681.400024,661.0,664.5,664.5,3249490
735,2022-09-27,668.0,681.700012,664.049988,676.650024,676.650024,2808630
736,2022-09-28,671.900024,682.900024,666.700012,680.099976,680.099976,2044821
737,2022-09-29,689.049988,712.0,684.5,707.0,707.0,5846347
738,2022-09-30,705.0,712.0,695.200012,706.0,706.0,3220279
739,2022-10-03,705.950012,709.450012,700.099976,706.150024,706.150024,1735784
740,2022-10-04,714.0,720.0,708.700012,719.25,719.25,2443139
741,2022-10-06,725.799988,734.700012,720.049988,731.25,731.25,4123619
742,2022-10-07,733.0,737.599976,724.049988,735.25,735.25,3152365
743,2022-10-10,725.5,735.450012,722.849976,731.200012,731.200012,1952447
744,2022-10-11,735.0,746.599976,721.099976,725.599976,725.599976,3747651
745,2022-10-12,730.0,734.700012,706.549988,722.299988,722.299988,2818945
746,2022-10-13,722.0,727.900024,711.599976,724.099976,724.099976,1887973
747,2022-10-14,732.0,733.950012,719.400024,722.849976,722.849976,1612489
748,2022-10-17,719.200012,729.799988,712.349976,728.0,728.0,1387810
749,2022-10-18,731.650024,734.700012,725.0,731.150024,731.150024,1675213
750,2022-10-19,733.0,755.450012,730.200012,742.799988,742.799988,6094000
751,2022-10-20,738.950012,745.0,725.599976,742.650024,742.650024,2237769
752,2022-10-21,743.0,756.0,735.299988,743.549988,743.549988,2936578
753,2022-10-24,749.0,750.450012,740.049988,743.799988,743.799988,649393
754,2022-10-25,742.25,747.0,735.599976,740.400024,740.400024,1544325
755,2022-10-27,746.0,746.900024,736.799988,741.25,741.25,1783787
756,2022-10-28,741.299988,744.799988,735.25,739.400024,739.400024,1484665
757,2022-10-31,744.0,752.849976,738.0,741.200012,741.200012,1993381
758,2022-11-01,745.0,747.650024,739.349976,742.25,742.25,1359226
759,2022-11-02,742.0,761.299988,738.25,755.450012,755.450012,3424051
760,2022-11-03,751.950012,760.0,746.0,751.400024,751.400024,2828562
761,2022-11-04,752.0,766.450012,748.049988,758.5,758.5,4743835
762,2022-11-07,762.299988,774.900024,761.5,763.900024,763.900024,4583239
763,2022-11-09,769.5,771.0,759.5,761.25,761.25,1566292
764,2022-11-10,762.0,763.0,738.0,744.450012,744.450012,2557799
765,2022-11-11,755.0,757.700012,744.5,747.799988,747.799988,1668424
766,2022-11-14,751.700012,765.0,750.049988,758.799988,758.799988,2342968
767,2022-11-15,750.0,750.0,731.549988,740.650024,740.650024,4125858
768,2022-11-16,742.0,748.799988,722.049988,728.150024,728.150024,2945626
769,2022-11-17,723.0,738.450012,723.0,726.450012,726.450012,1607026
770,2022-11-18,731.0,733.0,714.349976,718.099976,718.099976,1537039
771,2022-11-21,711.0,722.049988,710.599976,715.549988,715.549988,1154333
772,2022-11-22,714.0,719.0,713.0,715.150024,715.150024,876182
773,2022-11-23,718.75,724.400024,717.200012,721.799988,721.799988,1116201
774,2022-11-24,722.0,727.799988,721.400024,723.549988,723.549988,1110302
775,2022-11-25,727.950012,727.950012,720.0,721.700012,721.700012,800689
776,2022-11-28,720.0,735.799988,719.0,725.900024,725.900024,1780538
777,2022-11-29,722.049988,729.400024,720.099976,723.0,723.0,848626
778,2022-11-30,726.0,739.400024,726.0,736.200012,736.200012,2643749
779,2022-12-01,739.900024,739.900024,730.0,731.950012,731.950012,1155151
780,2022-12-02,735.0,735.0,727.299988,730.099976,730.099976,926912
781,2022-12-05,733.0,733.700012,725.099976,729.099976,729.099976,1114128
782,2022-12-06,728.900024,742.5,714.099976,716.450012,716.450012,3646370
783,2022-12-07,717.5,722.75,712.450012,717.299988,717.299988,1847900
784,2022-12-08,721.599976,722.549988,715.5,720.650024,720.650024,1090422
785,2022-12-09,722.5,727.5,717.75,722.150024,722.150024,1253279
786,2022-12-12,720.950012,725.0,710.5,723.900024,723.900024,1082376
787,2022-12-13,724.5,730.400024,721.0,722.849976,722.849976,1172294
788,2022-12-14,725.0,739.900024,723.650024,734.900024,734.900024,1858776
789,2022-12-15,698.5,702.5,687.0,689.049988,689.049988,14531256
790,2022-12-16,681.400024,682.900024,668.150024,672.150024,672.150024,8857773
791,2022-12-19,675.75,681.599976,673.0,676.799988,676.799988,2696707
792,2022-12-20,676.450012,678.0,667.0,674.150024,674.150024,4253915
793,2022-12-21,677.5,678.700012,650.150024,653.549988,653.549988,3812361
794,2022-12-22,657.0,657.450012,632.25,640.950012,640.950012,4836262
795,2022-12-23,634.5,638.049988,605.0,607.25,607.25,7402977
796,2022-12-26,610.099976,629.400024,606.0,622.049988,622.049988,3578861
797,2022-12-27,628.0,634.950012,623.049988,633.099976,633.099976,2032618
798,2022-12-28,635.0,641.0,630.450012,638.75,638.75,2067777
799,2022-12-29,636.0,636.799988,627.549988,633.049988,633.049988,2332891
800,2022-12-30,638.0,645.549988,635.599976,639.700012,639.700012,1680270
801,2023-01-02,643.0,644.700012,639.099976,642.349976,642.349976,937786
802,2023-01-03,648.950012,654.799988,642.150024,644.049988,644.049988,2364730
803,2023-01-04,646.0,646.549988,633.0,635.200012,635.200012,1377074
804,2023-01-05,638.400024,638.400024,631.5,637.150024,637.150024,861066
805,2023-01-06,637.349976,639.950012,631.0,636.25,636.25,730880
806,2023-01-09,639.450012,641.799988,636.299988,639.599976,639.599976,592137
807,2023-01-10,639.0,642.799988,634.599976,636.950012,636.950012,978802
808,2023-01-11,636.200012,644.0,636.200012,640.75,640.75,922620
809,2023-01-12,643.700012,644.299988,638.25,640.650024,640.650024,685572
810,2023-01-13,642.5,643.5,637.049988,641.5,641.5,697974
811,2023-01-16,643.0,643.349976,638.0,640.049988,640.049988,789814
812,2023-01-17,640.0,643.700012,633.650024,641.150024,641.150024,1093013
813,2023-01-18,641.549988,642.5,637.700012,640.150024,640.150024,706202
814,2023-01-19,639.0,641.0,635.0,640.299988,640.299988,802422
815,2023-01-20,639.5,651.950012,638.5,641.450012,641.450012,1759179
